Profession Index Number,Profession Title,Profession Description,Profession Image,Profession Extended Description
1,Photographer,Photographers craft visual or audio assets used in entertainment marketing and communication.,photographer,Pursuing a career as a photographer involves a combination of formal education and practical training. Begin by learning the basics of your craft through courses and workshops. Building a diverse portfolio is important to showcase your skills to potential employers. Familiarize yourself with industry-standard software and tools. Freelancing and internships provide valuable real-world experience. Stay current with emerging trends by following leading professionals in the field. Persistence, creativity, and a commitment to continual improvement will set you apart in the competitive landscape.
2,Photographer,Responsible for bringing stories and concepts to life through photographer skills.,photographer,Pursuing a career as a photographer involves a combination of formal education and practical training. Begin by learning the basics of your craft through courses and workshops. Building a diverse portfolio is important to showcase your skills to potential employers. Familiarize yourself with industry-standard software and tools. Freelancing and internships provide valuable real-world experience. Stay current with emerging trends by following leading professionals in the field. Persistence, creativity, and a commitment to continual improvement will set you apart in the competitive landscape.
3,Photographer,Works collaboratively with teams to design refine and execute photographer projects.,photographer,Breaking into the photographer field requires both education and hands-on experience. Consider earning a degree or completing a professional program in your specialization. Proficiency in popular industry tools and software is crucial. Start building a portfolio early by participating in internships, freelance gigs, or collaborative projects. Attend industry workshops, conferences, and online webinars to expand your knowledge. Networking is vital, so connect with professionals on platforms like LinkedIn. Show your passion and adaptability, as employers value self-starters with creative thinking skills.
4,Photographer,Photographers craft visual or audio assets used in entertainment marketing and communication.,photographer,Pursuing a career as a photographer involves a combination of formal education and practical training. Begin by learning the basics of your craft through courses and workshops. Building a diverse portfolio is important to showcase your skills to potential employers. Familiarize yourself with industry-standard software and tools. Freelancing and internships provide valuable real-world experience. Stay current with emerging trends by following leading professionals in the field. Persistence, creativity, and a commitment to continual improvement will set you apart in the competitive landscape.
5,Photographer,Works collaboratively with teams to design refine and execute photographer projects.,photographer,Breaking into the photographer field requires both education and hands-on experience. Consider earning a degree or completing a professional program in your specialization. Proficiency in popular industry tools and software is crucial. Start building a portfolio early by participating in internships, freelance gigs, or collaborative projects. Attend industry workshops, conferences, and online webinars to expand your knowledge. Networking is vital, so connect with professionals on platforms like LinkedIn. Show your passion and adaptability, as employers value self-starters with creative thinking skills.
6,Colorist,Specializes in producing engaging and polished colorist outputs for various media formats.,colorist,Pursuing a career as a colorist involves a combination of formal education and practical training. Begin by learning the basics of your craft through courses and workshops. Building a diverse portfolio is important to showcase your skills to potential employers. Familiarize yourself with industry-standard software and tools. Freelancing and internships provide valuable real-world experience. Stay current with emerging trends by following leading professionals in the field. Persistence, creativity, and a commitment to continual improvement will set you apart in the competitive landscape.
7,Colorist,Specializes in producing engaging and polished colorist outputs for various media formats.,colorist,Pursuing a career as a colorist involves a combination of formal education and practical training. Begin by learning the basics of your craft through courses and workshops. Building a diverse portfolio is important to showcase your skills to potential employers. Familiarize yourself with industry-standard software and tools. Freelancing and internships provide valuable real-world experience. Stay current with emerging trends by following leading professionals in the field. Persistence, creativity, and a commitment to continual improvement will set you apart in the competitive landscape.
8,Colorist,Responsible for bringing stories and concepts to life through colorist skills.,colorist,To become a colorist, start by taking foundational courses and obtaining a relevant degree or certification. It's important to build a strong portfolio showcasing your best work. Learning tools like Adobe Creative Suite, Blender, or Pro Tools depending on your field is essential. Internships and freelance projects will give you real-world experience. Networking with industry professionals and staying updated with the latest technology trends will also help you advance. Practicing consistently and seeking mentorship are key strategies for breaking into the colorist profession.
9,Colorist,Responsible for bringing stories and concepts to life through colorist skills.,colorist,To become a colorist, start by taking foundational courses and obtaining a relevant degree or certification. It's important to build a strong portfolio showcasing your best work. Learning tools like Adobe Creative Suite, Blender, or Pro Tools depending on your field is essential. Internships and freelance projects will give you real-world experience. Networking with industry professionals and staying updated with the latest technology trends will also help you advance. Practicing consistently and seeking mentorship are key strategies for breaking into the colorist profession.
10,Colorist,Specializes in producing engaging and polished colorist outputs for various media formats.,colorist,To become a colorist, start by taking foundational courses and obtaining a relevant degree or certification. It's important to build a strong portfolio showcasing your best work. Learning tools like Adobe Creative Suite, Blender, or Pro Tools depending on your field is essential. Internships and freelance projects will give you real-world experience. Networking with industry professionals and staying updated with the latest technology trends will also help you advance. Practicing consistently and seeking mentorship are key strategies for breaking into the colorist profession.
11,Graphic Designer,Responsible for bringing stories and concepts to life through graphic designer skills.,graphic_designer,Pursuing a career as a graphic designer involves a combination of formal education and practical training. Begin by learning the basics of your craft through courses and workshops. Building a diverse portfolio is important to showcase your skills to potential employers. Familiarize yourself with industry-standard software and tools. Freelancing and internships provide valuable real-world experience. Stay current with emerging trends by following leading professionals in the field. Persistence, creativity, and a commitment to continual improvement will set you apart in the competitive landscape.
12,Graphic Designer,Responsible for bringing stories and concepts to life through graphic designer skills.,graphic_designer,Pursuing a career as a graphic designer involves a combination of formal education and practical training. Begin by learning the basics of your craft through courses and workshops. Building a diverse portfolio is important to showcase your skills to potential employers. Familiarize yourself with industry-standard software and tools. Freelancing and internships provide valuable real-world experience. Stay current with emerging trends by following leading professionals in the field. Persistence, creativity, and a commitment to continual improvement will set you apart in the competitive landscape.
13,Graphic Designer,Focuses on creating high-quality graphic designer work tailored to project needs and audiences.,graphic_designer,Breaking into the graphic designer field requires both education and hands-on experience. Consider earning a degree or completing a professional program in your specialization. Proficiency in popular industry tools and software is crucial. Start building a portfolio early by participating in internships, freelance gigs, or collaborative projects. Attend industry workshops, conferences, and online webinars to expand your knowledge. Networking is vital, so connect with professionals on platforms like LinkedIn. Show your passion and adaptability, as employers value self-starters with creative thinking skills.
14,Graphic Designer,Graphic Designers craft visual or audio assets used in entertainment marketing and communication.,graphic_designer,To become a graphic designer, start by taking foundational courses and obtaining a relevant degree or certification. It's important to build a strong portfolio showcasing your best work. Learning tools like Adobe Creative Suite, Blender, or Pro Tools depending on your field is essential. Internships and freelance projects will give you real-world experience. Networking with industry professionals and staying updated with the latest technology trends will also help you advance. Practicing consistently and seeking mentorship are key strategies for breaking into the graphic designer profession.
15,Graphic Designer,Specializes in producing engaging and polished graphic designer outputs for various media formats.,graphic_designer,Pursuing a career as a graphic designer involves a combination of formal education and practical training. Begin by learning the basics of your craft through courses and workshops. Building a diverse portfolio is important to showcase your skills to potential employers. Familiarize yourself with industry-standard software and tools. Freelancing and internships provide valuable real-world experience. Stay current with emerging trends by following leading professionals in the field. Persistence, creativity, and a commitment to continual improvement will set you apart in the competitive landscape.
16,Storyboard Artist,Storyboard Artists craft visual or audio assets used in entertainment marketing and communication.,storyboard_artist,Breaking into the storyboard artist field requires both education and hands-on experience. Consider earning a degree or completing a professional program in your specialization. Proficiency in popular industry tools and software is crucial. Start building a portfolio early by participating in internships, freelance gigs, or collaborative projects. Attend industry workshops, conferences, and online webinars to expand your knowledge. Networking is vital, so connect with professionals on platforms like LinkedIn. Show your passion and adaptability, as employers value self-starters with creative thinking skills.
17,Storyboard Artist,Storyboard Artists craft visual or audio assets used in entertainment marketing and communication.,storyboard_artist,Breaking into the storyboard artist field requires both education and hands-on experience. Consider earning a degree or completing a professional program in your specialization. Proficiency in popular industry tools and software is crucial. Start building a portfolio early by participating in internships, freelance gigs, or collaborative projects. Attend industry workshops, conferences, and online webinars to expand your knowledge. Networking is vital, so connect with professionals on platforms like LinkedIn. Show your passion and adaptability, as employers value self-starters with creative thinking skills.
18,Storyboard Artist,Storyboard Artists craft visual or audio assets used in entertainment marketing and communication.,storyboard_artist,Breaking into the storyboard artist field requires both education and hands-on experience. Consider earning a degree or completing a professional program in your specialization. Proficiency in popular industry tools and software is crucial. Start building a portfolio early by participating in internships, freelance gigs, or collaborative projects. Attend industry workshops, conferences, and online webinars to expand your knowledge. Networking is vital, so connect with professionals on platforms like LinkedIn. Show your passion and adaptability, as employers value self-starters with creative thinking skills.
19,Storyboard Artist,Responsible for bringing stories and concepts to life through storyboard artist skills.,storyboard_artist,Breaking into the storyboard artist field requires both education and hands-on experience. Consider earning a degree or completing a professional program in your specialization. Proficiency in popular industry tools and software is crucial. Start building a portfolio early by participating in internships, freelance gigs, or collaborative projects. Attend industry workshops, conferences, and online webinars to expand your knowledge. Networking is vital, so connect with professionals on platforms like LinkedIn. Show your passion and adaptability, as employers value self-starters with creative thinking skills.
20,Storyboard Artist,Storyboard Artists craft visual or audio assets used in entertainment marketing and communication.,storyboard_artist,Pursuing a career as a storyboard artist involves a combination of formal education and practical training. Begin by learning the basics of your craft through courses and workshops. Building a diverse portfolio is important to showcase your skills to potential employers. Familiarize yourself with industry-standard software and tools. Freelancing and internships provide valuable real-world experience. Stay current with emerging trends by following leading professionals in the field. Persistence, creativity, and a commitment to continual improvement will set you apart in the competitive landscape.
21,Cinematographer,Works collaboratively with teams to design refine and execute cinematographer projects.,cinematographer,Pursuing a career as a cinematographer involves a combination of formal education and practical training. Begin by learning the basics of your craft through courses and workshops. Building a diverse portfolio is important to showcase your skills to potential employers. Familiarize yourself with industry-standard software and tools. Freelancing and internships provide valuable real-world experience. Stay current with emerging trends by following leading professionals in the field. Persistence, creativity, and a commitment to continual improvement will set you apart in the competitive landscape.
22,Cinematographer,Specializes in producing engaging and polished cinematographer outputs for various media formats.,cinematographer,Breaking into the cinematographer field requires both education and hands-on experience. Consider earning a degree or completing a professional program in your specialization. Proficiency in popular industry tools and software is crucial. Start building a portfolio early by participating in internships, freelance gigs, or collaborative projects. Attend industry workshops, conferences, and online webinars to expand your knowledge. Networking is vital, so connect with professionals on platforms like LinkedIn. Show your passion and adaptability, as employers value self-starters with creative thinking skills.
23,Cinematographer,Works collaboratively with teams to design refine and execute cinematographer projects.,cinematographer,Breaking into the cinematographer field requires both education and hands-on experience. Consider earning a degree or completing a professional program in your specialization. Proficiency in popular industry tools and software is crucial. Start building a portfolio early by participating in internships, freelance gigs, or collaborative projects. Attend industry workshops, conferences, and online webinars to expand your knowledge. Networking is vital, so connect with professionals on platforms like LinkedIn. Show your passion and adaptability, as employers value self-starters with creative thinking skills.
24,Cinematographer,Cinematographers craft visual or audio assets used in entertainment marketing and communication.,cinematographer,Breaking into the cinematographer field requires both education and hands-on experience. Consider earning a degree or completing a professional program in your specialization. Proficiency in popular industry tools and software is crucial. Start building a portfolio early by participating in internships, freelance gigs, or collaborative projects. Attend industry workshops, conferences, and online webinars to expand your knowledge. Networking is vital, so connect with professionals on platforms like LinkedIn. Show your passion and adaptability, as employers value self-starters with creative thinking skills.
25,Cinematographer,Cinematographers craft visual or audio assets used in entertainment marketing and communication.,cinematographer,Breaking into the cinematographer field requires both education and hands-on experience. Consider earning a degree or completing a professional program in your specialization. Proficiency in popular industry tools and software is crucial. Start building a portfolio early by participating in internships, freelance gigs, or collaborative projects. Attend industry workshops, conferences, and online webinars to expand your knowledge. Networking is vital, so connect with professionals on platforms like LinkedIn. Show your passion and adaptability, as employers value self-starters with creative thinking skills.
26,Voice Actor,Specializes in producing engaging and polished voice actor outputs for various media formats.,voice_actor,Breaking into the voice actor field requires both education and hands-on experience. Consider earning a degree or completing a professional program in your specialization. Proficiency in popular industry tools and software is crucial. Start building a portfolio early by participating in internships, freelance gigs, or collaborative projects. Attend industry workshops, conferences, and online webinars to expand your knowledge. Networking is vital, so connect with professionals on platforms like LinkedIn. Show your passion and adaptability, as employers value self-starters with creative thinking skills.
27,Voice Actor,Focuses on creating high-quality voice actor work tailored to project needs and audiences.,voice_actor,To become a voice actor, start by taking foundational courses and obtaining a relevant degree or certification. It's important to build a strong portfolio showcasing your best work. Learning tools like Adobe Creative Suite, Blender, or Pro Tools depending on your field is essential. Internships and freelance projects will give you real-world experience. Networking with industry professionals and staying updated with the latest technology trends will also help you advance. Practicing consistently and seeking mentorship are key strategies for breaking into the voice actor profession.
28,Voice Actor,Responsible for bringing stories and concepts to life through voice actor skills.,voice_actor,To become a voice actor, start by taking foundational courses and obtaining a relevant degree or certification. It's important to build a strong portfolio showcasing your best work. Learning tools like Adobe Creative Suite, Blender, or Pro Tools depending on your field is essential. Internships and freelance projects will give you real-world experience. Networking with industry professionals and staying updated with the latest technology trends will also help you advance. Practicing consistently and seeking mentorship are key strategies for breaking into the voice actor profession.
29,Voice Actor,Responsible for bringing stories and concepts to life through voice actor skills.,voice_actor,Pursuing a career as a voice actor involves a combination of formal education and practical training. Begin by learning the basics of your craft through courses and workshops. Building a diverse portfolio is important to showcase your skills to potential employers. Familiarize yourself with industry-standard software and tools. Freelancing and internships provide valuable real-world experience. Stay current with emerging trends by following leading professionals in the field. Persistence, creativity, and a commitment to continual improvement will set you apart in the competitive landscape.
30,Voice Actor,Focuses on creating high-quality voice actor work tailored to project needs and audiences.,voice_actor,Breaking into the voice actor field requires both education and hands-on experience. Consider earning a degree or completing a professional program in your specialization. Proficiency in popular industry tools and software is crucial. Start building a portfolio early by participating in internships, freelance gigs, or collaborative projects. Attend industry workshops, conferences, and online webinars to expand your knowledge. Networking is vital, so connect with professionals on platforms like LinkedIn. Show your passion and adaptability, as employers value self-starters with creative thinking skills.
31,Digital Painter,Specializes in producing engaging and polished digital painter outputs for various media formats.,digital_painter,Breaking into the digital painter field requires both education and hands-on experience. Consider earning a degree or completing a professional program in your specialization. Proficiency in popular industry tools and software is crucial. Start building a portfolio early by participating in internships, freelance gigs, or collaborative projects. Attend industry workshops, conferences, and online webinars to expand your knowledge. Networking is vital, so connect with professionals on platforms like LinkedIn. Show your passion and adaptability, as employers value self-starters with creative thinking skills.
32,Digital Painter,Specializes in producing engaging and polished digital painter outputs for various media formats.,digital_painter,To become a digital painter, start by taking foundational courses and obtaining a relevant degree or certification. It's important to build a strong portfolio showcasing your best work. Learning tools like Adobe Creative Suite, Blender, or Pro Tools depending on your field is essential. Internships and freelance projects will give you real-world experience. Networking with industry professionals and staying updated with the latest technology trends will also help you advance. Practicing consistently and seeking mentorship are key strategies for breaking into the digital painter profession.
33,Digital Painter,Works collaboratively with teams to design refine and execute digital painter projects.,digital_painter,Pursuing a career as a digital painter involves a combination of formal education and practical training. Begin by learning the basics of your craft through courses and workshops. Building a diverse portfolio is important to showcase your skills to potential employers. Familiarize yourself with industry-standard software and tools. Freelancing and internships provide valuable real-world experience. Stay current with emerging trends by following leading professionals in the field. Persistence, creativity, and a commitment to continual improvement will set you apart in the competitive landscape.
34,Digital Painter,Specializes in producing engaging and polished digital painter outputs for various media formats.,digital_painter,Pursuing a career as a digital painter involves a combination of formal education and practical training. Begin by learning the basics of your craft through courses and workshops. Building a diverse portfolio is important to showcase your skills to potential employers. Familiarize yourself with industry-standard software and tools. Freelancing and internships provide valuable real-world experience. Stay current with emerging trends by following leading professionals in the field. Persistence, creativity, and a commitment to continual improvement will set you apart in the competitive landscape.
35,Digital Painter,Focuses on creating high-quality digital painter work tailored to project needs and audiences.,digital_painter,Pursuing a career as a digital painter involves a combination of formal education and practical training. Begin by learning the basics of your craft through courses and workshops. Building a diverse portfolio is important to showcase your skills to potential employers. Familiarize yourself with industry-standard software and tools. Freelancing and internships provide valuable real-world experience. Stay current with emerging trends by following leading professionals in the field. Persistence, creativity, and a commitment to continual improvement will set you apart in the competitive landscape.
36,Motion Graphics Designer,Responsible for bringing stories and concepts to life through motion graphics designer skills.,motion_graphics_designer,Pursuing a career as a motion graphics designer involves a combination of formal education and practical training. Begin by learning the basics of your craft through courses and workshops. Building a diverse portfolio is important to showcase your skills to potential employers. Familiarize yourself with industry-standard software and tools. Freelancing and internships provide valuable real-world experience. Stay current with emerging trends by following leading professionals in the field. Persistence, creativity, and a commitment to continual improvement will set you apart in the competitive landscape.
37,Motion Graphics Designer,Focuses on creating high-quality motion graphics designer work tailored to project needs and audiences.,motion_graphics_designer,Breaking into the motion graphics designer field requires both education and hands-on experience. Consider earning a degree or completing a professional program in your specialization. Proficiency in popular industry tools and software is crucial. Start building a portfolio early by participating in internships, freelance gigs, or collaborative projects. Attend industry workshops, conferences, and online webinars to expand your knowledge. Networking is vital, so connect with professionals on platforms like LinkedIn. Show your passion and adaptability, as employers value self-starters with creative thinking skills.
38,Motion Graphics Designer,Motion Graphics Designers craft visual or audio assets used in entertainment marketing and communication.,motion_graphics_designer,Breaking into the motion graphics designer field requires both education and hands-on experience. Consider earning a degree or completing a professional program in your specialization. Proficiency in popular industry tools and software is crucial. Start building a portfolio early by participating in internships, freelance gigs, or collaborative projects. Attend industry workshops, conferences, and online webinars to expand your knowledge. Networking is vital, so connect with professionals on platforms like LinkedIn. Show your passion and adaptability, as employers value self-starters with creative thinking skills.
39,Motion Graphics Designer,Specializes in producing engaging and polished motion graphics designer outputs for various media formats.,motion_graphics_designer,Pursuing a career as a motion graphics designer involves a combination of formal education and practical training. Begin by learning the basics of your craft through courses and workshops. Building a diverse portfolio is important to showcase your skills to potential employers. Familiarize yourself with industry-standard software and tools. Freelancing and internships provide valuable real-world experience. Stay current with emerging trends by following leading professionals in the field. Persistence, creativity, and a commitment to continual improvement will set you apart in the competitive landscape.
40,Motion Graphics Designer,Motion Graphics Designers craft visual or audio assets used in entertainment marketing and communication.,motion_graphics_designer,Pursuing a career as a motion graphics designer involves a combination of formal education and practical training. Begin by learning the basics of your craft through courses and workshops. Building a diverse portfolio is important to showcase your skills to potential employers. Familiarize yourself with industry-standard software and tools. Freelancing and internships provide valuable real-world experience. Stay current with emerging trends by following leading professionals in the field. Persistence, creativity, and a commitment to continual improvement will set you apart in the competitive landscape.
41,3D Modeler,Specializes in producing engaging and polished 3d modeler outputs for various media formats.,3d_modeler,Pursuing a career as a 3d modeler involves a combination of formal education and practical training. Begin by learning the basics of your craft through courses and workshops. Building a diverse portfolio is important to showcase your skills to potential employers. Familiarize yourself with industry-standard software and tools. Freelancing and internships provide valuable real-world experience. Stay current with emerging trends by following leading professionals in the field. Persistence, creativity, and a commitment to continual improvement will set you apart in the competitive landscape.
42,3D Modeler,Focuses on creating high-quality 3d modeler work tailored to project needs and audiences.,3d_modeler,Breaking into the 3d modeler field requires both education and hands-on experience. Consider earning a degree or completing a professional program in your specialization. Proficiency in popular industry tools and software is crucial. Start building a portfolio early by participating in internships, freelance gigs, or collaborative projects. Attend industry workshops, conferences, and online webinars to expand your knowledge. Networking is vital, so connect with professionals on platforms like LinkedIn. Show your passion and adaptability, as employers value self-starters with creative thinking skills.
43,3D Modeler,Responsible for bringing stories and concepts to life through 3d modeler skills.,3d_modeler,Pursuing a career as a 3d modeler involves a combination of formal education and practical training. Begin by learning the basics of your craft through courses and workshops. Building a diverse portfolio is important to showcase your skills to potential employers. Familiarize yourself with industry-standard software and tools. Freelancing and internships provide valuable real-world experience. Stay current with emerging trends by following leading professionals in the field. Persistence, creativity, and a commitment to continual improvement will set you apart in the competitive landscape.
44,3D Modeler,Focuses on creating high-quality 3d modeler work tailored to project needs and audiences.,3d_modeler,To become a 3d modeler, start by taking foundational courses and obtaining a relevant degree or certification. It's important to build a strong portfolio showcasing your best work. Learning tools like Adobe Creative Suite, Blender, or Pro Tools depending on your field is essential. Internships and freelance projects will give you real-world experience. Networking with industry professionals and staying updated with the latest technology trends will also help you advance. Practicing consistently and seeking mentorship are key strategies for breaking into the 3d modeler profession.
45,3D Modeler,3D Modelers craft visual or audio assets used in entertainment marketing and communication.,3d_modeler,Breaking into the 3d modeler field requires both education and hands-on experience. Consider earning a degree or completing a professional program in your specialization. Proficiency in popular industry tools and software is crucial. Start building a portfolio early by participating in internships, freelance gigs, or collaborative projects. Attend industry workshops, conferences, and online webinars to expand your knowledge. Networking is vital, so connect with professionals on platforms like LinkedIn. Show your passion and adaptability, as employers value self-starters with creative thinking skills.
46,Game Designer,Focuses on creating high-quality game designer work tailored to project needs and audiences.,game_designer,Breaking into the game designer field requires both education and hands-on experience. Consider earning a degree or completing a professional program in your specialization. Proficiency in popular industry tools and software is crucial. Start building a portfolio early by participating in internships, freelance gigs, or collaborative projects. Attend industry workshops, conferences, and online webinars to expand your knowledge. Networking is vital, so connect with professionals on platforms like LinkedIn. Show your passion and adaptability, as employers value self-starters with creative thinking skills.
47,Game Designer,Specializes in producing engaging and polished game designer outputs for various media formats.,game_designer,Breaking into the game designer field requires both education and hands-on experience. Consider earning a degree or completing a professional program in your specialization. Proficiency in popular industry tools and software is crucial. Start building a portfolio early by participating in internships, freelance gigs, or collaborative projects. Attend industry workshops, conferences, and online webinars to expand your knowledge. Networking is vital, so connect with professionals on platforms like LinkedIn. Show your passion and adaptability, as employers value self-starters with creative thinking skills.
48,Game Designer,Specializes in producing engaging and polished game designer outputs for various media formats.,game_designer,Breaking into the game designer field requires both education and hands-on experience. Consider earning a degree or completing a professional program in your specialization. Proficiency in popular industry tools and software is crucial. Start building a portfolio early by participating in internships, freelance gigs, or collaborative projects. Attend industry workshops, conferences, and online webinars to expand your knowledge. Networking is vital, so connect with professionals on platforms like LinkedIn. Show your passion and adaptability, as employers value self-starters with creative thinking skills.
49,Game Designer,Responsible for bringing stories and concepts to life through game designer skills.,game_designer,Pursuing a career as a game designer involves a combination of formal education and practical training. Begin by learning the basics of your craft through courses and workshops. Building a diverse portfolio is important to showcase your skills to potential employers. Familiarize yourself with industry-standard software and tools. Freelancing and internships provide valuable real-world experience. Stay current with emerging trends by following leading professionals in the field. Persistence, creativity, and a commitment to continual improvement will set you apart in the competitive landscape.
50,Game Designer,Specializes in producing engaging and polished game designer outputs for various media formats.,game_designer,Breaking into the game designer field requires both education and hands-on experience. Consider earning a degree or completing a professional program in your specialization. Proficiency in popular industry tools and software is crucial. Start building a portfolio early by participating in internships, freelance gigs, or collaborative projects. Attend industry workshops, conferences, and online webinars to expand your knowledge. Networking is vital, so connect with professionals on platforms like LinkedIn. Show your passion and adaptability, as employers value self-starters with creative thinking skills.
51,Composer,Works collaboratively with teams to design refine and execute composer projects.,composer,Pursuing a career as a composer involves a combination of formal education and practical training. Begin by learning the basics of your craft through courses and workshops. Building a diverse portfolio is important to showcase your skills to potential employers. Familiarize yourself with industry-standard software and tools. Freelancing and internships provide valuable real-world experience. Stay current with emerging trends by following leading professionals in the field. Persistence, creativity, and a commitment to continual improvement will set you apart in the competitive landscape.
52,Composer,Specializes in producing engaging and polished composer outputs for various media formats.,composer,Breaking into the composer field requires both education and hands-on experience. Consider earning a degree or completing a professional program in your specialization. Proficiency in popular industry tools and software is crucial. Start building a portfolio early by participating in internships, freelance gigs, or collaborative projects. Attend industry workshops, conferences, and online webinars to expand your knowledge. Networking is vital, so connect with professionals on platforms like LinkedIn. Show your passion and adaptability, as employers value self-starters with creative thinking skills.
53,Composer,Works collaboratively with teams to design refine and execute composer projects.,composer,Pursuing a career as a composer involves a combination of formal education and practical training. Begin by learning the basics of your craft through courses and workshops. Building a diverse portfolio is important to showcase your skills to potential employers. Familiarize yourself with industry-standard software and tools. Freelancing and internships provide valuable real-world experience. Stay current with emerging trends by following leading professionals in the field. Persistence, creativity, and a commitment to continual improvement will set you apart in the competitive landscape.
54,Composer,Specializes in producing engaging and polished composer outputs for various media formats.,composer,Pursuing a career as a composer involves a combination of formal education and practical training. Begin by learning the basics of your craft through courses and workshops. Building a diverse portfolio is important to showcase your skills to potential employers. Familiarize yourself with industry-standard software and tools. Freelancing and internships provide valuable real-world experience. Stay current with emerging trends by following leading professionals in the field. Persistence, creativity, and a commitment to continual improvement will set you apart in the competitive landscape.
55,Composer,Focuses on creating high-quality composer work tailored to project needs and audiences.,composer,Pursuing a career as a composer involves a combination of formal education and practical training. Begin by learning the basics of your craft through courses and workshops. Building a diverse portfolio is important to showcase your skills to potential employers. Familiarize yourself with industry-standard software and tools. Freelancing and internships provide valuable real-world experience. Stay current with emerging trends by following leading professionals in the field. Persistence, creativity, and a commitment to continual improvement will set you apart in the competitive landscape.
56,Production Designer,Focuses on creating high-quality production designer work tailored to project needs and audiences.,production_designer,Breaking into the production designer field requires both education and hands-on experience. Consider earning a degree or completing a professional program in your specialization. Proficiency in popular industry tools and software is crucial. Start building a portfolio early by participating in internships, freelance gigs, or collaborative projects. Attend industry workshops, conferences, and online webinars to expand your knowledge. Networking is vital, so connect with professionals on platforms like LinkedIn. Show your passion and adaptability, as employers value self-starters with creative thinking skills.
57,Production Designer,Works collaboratively with teams to design refine and execute production designer projects.,production_designer,Pursuing a career as a production designer involves a combination of formal education and practical training. Begin by learning the basics of your craft through courses and workshops. Building a diverse portfolio is important to showcase your skills to potential employers. Familiarize yourself with industry-standard software and tools. Freelancing and internships provide valuable real-world experience. Stay current with emerging trends by following leading professionals in the field. Persistence, creativity, and a commitment to continual improvement will set you apart in the competitive landscape.
58,Production Designer,Works collaboratively with teams to design refine and execute production designer projects.,production_designer,Breaking into the production designer field requires both education and hands-on experience. Consider earning a degree or completing a professional program in your specialization. Proficiency in popular industry tools and software is crucial. Start building a portfolio early by participating in internships, freelance gigs, or collaborative projects. Attend industry workshops, conferences, and online webinars to expand your knowledge. Networking is vital, so connect with professionals on platforms like LinkedIn. Show your passion and adaptability, as employers value self-starters with creative thinking skills.
59,Production Designer,Specializes in producing engaging and polished production designer outputs for various media formats.,production_designer,Breaking into the production designer field requires both education and hands-on experience. Consider earning a degree or completing a professional program in your specialization. Proficiency in popular industry tools and software is crucial. Start building a portfolio early by participating in internships, freelance gigs, or collaborative projects. Attend industry workshops, conferences, and online webinars to expand your knowledge. Networking is vital, so connect with professionals on platforms like LinkedIn. Show your passion and adaptability, as employers value self-starters with creative thinking skills.
60,Production Designer,Specializes in producing engaging and polished production designer outputs for various media formats.,production_designer,Breaking into the production designer field requires both education and hands-on experience. Consider earning a degree or completing a professional program in your specialization. Proficiency in popular industry tools and software is crucial. Start building a portfolio early by participating in internships, freelance gigs, or collaborative projects. Attend industry workshops, conferences, and online webinars to expand your knowledge. Networking is vital, so connect with professionals on platforms like LinkedIn. Show your passion and adaptability, as employers value self-starters with creative thinking skills.
61,Sound Designer,Works collaboratively with teams to design refine and execute sound designer projects.,sound_designer,Pursuing a career as a sound designer involves a combination of formal education and practical training. Begin by learning the basics of your craft through courses and workshops. Building a diverse portfolio is important to showcase your skills to potential employers. Familiarize yourself with industry-standard software and tools. Freelancing and internships provide valuable real-world experience. Stay current with emerging trends by following leading professionals in the field. Persistence, creativity, and a commitment to continual improvement will set you apart in the competitive landscape.
62,Sound Designer,Responsible for bringing stories and concepts to life through sound designer skills.,sound_designer,Pursuing a career as a sound designer involves a combination of formal education and practical training. Begin by learning the basics of your craft through courses and workshops. Building a diverse portfolio is important to showcase your skills to potential employers. Familiarize yourself with industry-standard software and tools. Freelancing and internships provide valuable real-world experience. Stay current with emerging trends by following leading professionals in the field. Persistence, creativity, and a commitment to continual improvement will set you apart in the competitive landscape.
63,Sound Designer,Specializes in producing engaging and polished sound designer outputs for various media formats.,sound_designer,Pursuing a career as a sound designer involves a combination of formal education and practical training. Begin by learning the basics of your craft through courses and workshops. Building a diverse portfolio is important to showcase your skills to potential employers. Familiarize yourself with industry-standard software and tools. Freelancing and internships provide valuable real-world experience. Stay current with emerging trends by following leading professionals in the field. Persistence, creativity, and a commitment to continual improvement will set you apart in the competitive landscape.
64,Sound Designer,Specializes in producing engaging and polished sound designer outputs for various media formats.,sound_designer,To become a sound designer, start by taking foundational courses and obtaining a relevant degree or certification. It's important to build a strong portfolio showcasing your best work. Learning tools like Adobe Creative Suite, Blender, or Pro Tools depending on your field is essential. Internships and freelance projects will give you real-world experience. Networking with industry professionals and staying updated with the latest technology trends will also help you advance. Practicing consistently and seeking mentorship are key strategies for breaking into the sound designer profession.
65,Sound Designer,Focuses on creating high-quality sound designer work tailored to project needs and audiences.,sound_designer,Pursuing a career as a sound designer involves a combination of formal education and practical training. Begin by learning the basics of your craft through courses and workshops. Building a diverse portfolio is important to showcase your skills to potential employers. Familiarize yourself with industry-standard software and tools. Freelancing and internships provide valuable real-world experience. Stay current with emerging trends by following leading professionals in the field. Persistence, creativity, and a commitment to continual improvement will set you apart in the competitive landscape.
66,Video Editor,Works collaboratively with teams to design refine and execute video editor projects.,video_editor,To become a video editor, start by taking foundational courses and obtaining a relevant degree or certification. It's important to build a strong portfolio showcasing your best work. Learning tools like Adobe Creative Suite, Blender, or Pro Tools depending on your field is essential. Internships and freelance projects will give you real-world experience. Networking with industry professionals and staying updated with the latest technology trends will also help you advance. Practicing consistently and seeking mentorship are key strategies for breaking into the video editor profession.
67,Video Editor,Specializes in producing engaging and polished video editor outputs for various media formats.,video_editor,Pursuing a career as a video editor involves a combination of formal education and practical training. Begin by learning the basics of your craft through courses and workshops. Building a diverse portfolio is important to showcase your skills to potential employers. Familiarize yourself with industry-standard software and tools. Freelancing and internships provide valuable real-world experience. Stay current with emerging trends by following leading professionals in the field. Persistence, creativity, and a commitment to continual improvement will set you apart in the competitive landscape.
68,Video Editor,Specializes in producing engaging and polished video editor outputs for various media formats.,video_editor,To become a video editor, start by taking foundational courses and obtaining a relevant degree or certification. It's important to build a strong portfolio showcasing your best work. Learning tools like Adobe Creative Suite, Blender, or Pro Tools depending on your field is essential. Internships and freelance projects will give you real-world experience. Networking with industry professionals and staying updated with the latest technology trends will also help you advance. Practicing consistently and seeking mentorship are key strategies for breaking into the video editor profession.
69,Video Editor,Video Editors craft visual or audio assets used in entertainment marketing and communication.,video_editor,To become a video editor, start by taking foundational courses and obtaining a relevant degree or certification. It's important to build a strong portfolio showcasing your best work. Learning tools like Adobe Creative Suite, Blender, or Pro Tools depending on your field is essential. Internships and freelance projects will give you real-world experience. Networking with industry professionals and staying updated with the latest technology trends will also help you advance. Practicing consistently and seeking mentorship are key strategies for breaking into the video editor profession.
70,Video Editor,Responsible for bringing stories and concepts to life through video editor skills.,video_editor,Pursuing a career as a video editor involves a combination of formal education and practical training. Begin by learning the basics of your craft through courses and workshops. Building a diverse portfolio is important to showcase your skills to potential employers. Familiarize yourself with industry-standard software and tools. Freelancing and internships provide valuable real-world experience. Stay current with emerging trends by following leading professionals in the field. Persistence, creativity, and a commitment to continual improvement will set you apart in the competitive landscape.
71,Animator,Specializes in producing engaging and polished animator outputs for various media formats.,animator,Breaking into the animator field requires both education and hands-on experience. Consider earning a degree or completing a professional program in your specialization. Proficiency in popular industry tools and software is crucial. Start building a portfolio early by participating in internships, freelance gigs, or collaborative projects. Attend industry workshops, conferences, and online webinars to expand your knowledge. Networking is vital, so connect with professionals on platforms like LinkedIn. Show your passion and adaptability, as employers value self-starters with creative thinking skills.
72,Animator,Animators craft visual or audio assets used in entertainment marketing and communication.,animator,To become a animator, start by taking foundational courses and obtaining a relevant degree or certification. It's important to build a strong portfolio showcasing your best work. Learning tools like Adobe Creative Suite, Blender, or Pro Tools depending on your field is essential. Internships and freelance projects will give you real-world experience. Networking with industry professionals and staying updated with the latest technology trends will also help you advance. Practicing consistently and seeking mentorship are key strategies for breaking into the animator profession.
73,Animator,Focuses on creating high-quality animator work tailored to project needs and audiences.,animator,Breaking into the animator field requires both education and hands-on experience. Consider earning a degree or completing a professional program in your specialization. Proficiency in popular industry tools and software is crucial. Start building a portfolio early by participating in internships, freelance gigs, or collaborative projects. Attend industry workshops, conferences, and online webinars to expand your knowledge. Networking is vital, so connect with professionals on platforms like LinkedIn. Show your passion and adaptability, as employers value self-starters with creative thinking skills.
74,Animator,Animators craft visual or audio assets used in entertainment marketing and communication.,animator,Breaking into the animator field requires both education and hands-on experience. Consider earning a degree or completing a professional program in your specialization. Proficiency in popular industry tools and software is crucial. Start building a portfolio early by participating in internships, freelance gigs, or collaborative projects. Attend industry workshops, conferences, and online webinars to expand your knowledge. Networking is vital, so connect with professionals on platforms like LinkedIn. Show your passion and adaptability, as employers value self-starters with creative thinking skills.
75,Animator,Animators craft visual or audio assets used in entertainment marketing and communication.,animator,Pursuing a career as a animator involves a combination of formal education and practical training. Begin by learning the basics of your craft through courses and workshops. Building a diverse portfolio is important to showcase your skills to potential employers. Familiarize yourself with industry-standard software and tools. Freelancing and internships provide valuable real-world experience. Stay current with emerging trends by following leading professionals in the field. Persistence, creativity, and a commitment to continual improvement will set you apart in the competitive landscape.
76,Media Producer,Focuses on creating high-quality media producer work tailored to project needs and audiences.,media_producer,To become a media producer, start by taking foundational courses and obtaining a relevant degree or certification. It's important to build a strong portfolio showcasing your best work. Learning tools like Adobe Creative Suite, Blender, or Pro Tools depending on your field is essential. Internships and freelance projects will give you real-world experience. Networking with industry professionals and staying updated with the latest technology trends will also help you advance. Practicing consistently and seeking mentorship are key strategies for breaking into the media producer profession.
77,Media Producer,Specializes in producing engaging and polished media producer outputs for various media formats.,media_producer,To become a media producer, start by taking foundational courses and obtaining a relevant degree or certification. It's important to build a strong portfolio showcasing your best work. Learning tools like Adobe Creative Suite, Blender, or Pro Tools depending on your field is essential. Internships and freelance projects will give you real-world experience. Networking with industry professionals and staying updated with the latest technology trends will also help you advance. Practicing consistently and seeking mentorship are key strategies for breaking into the media producer profession.
78,Media Producer,Responsible for bringing stories and concepts to life through media producer skills.,media_producer,To become a media producer, start by taking foundational courses and obtaining a relevant degree or certification. It's important to build a strong portfolio showcasing your best work. Learning tools like Adobe Creative Suite, Blender, or Pro Tools depending on your field is essential. Internships and freelance projects will give you real-world experience. Networking with industry professionals and staying updated with the latest technology trends will also help you advance. Practicing consistently and seeking mentorship are key strategies for breaking into the media producer profession.
79,Media Producer,Media Producers craft visual or audio assets used in entertainment marketing and communication.,media_producer,To become a media producer, start by taking foundational courses and obtaining a relevant degree or certification. It's important to build a strong portfolio showcasing your best work. Learning tools like Adobe Creative Suite, Blender, or Pro Tools depending on your field is essential. Internships and freelance projects will give you real-world experience. Networking with industry professionals and staying updated with the latest technology trends will also help you advance. Practicing consistently and seeking mentorship are key strategies for breaking into the media producer profession.
80,Media Producer,Focuses on creating high-quality media producer work tailored to project needs and audiences.,media_producer,Pursuing a career as a media producer involves a combination of formal education and practical training. Begin by learning the basics of your craft through courses and workshops. Building a diverse portfolio is important to showcase your skills to potential employers. Familiarize yourself with industry-standard software and tools. Freelancing and internships provide valuable real-world experience. Stay current with emerging trends by following leading professionals in the field. Persistence, creativity, and a commitment to continual improvement will set you apart in the competitive landscape.
81,Scriptwriter,Responsible for bringing stories and concepts to life through scriptwriter skills.,scriptwriter,To become a scriptwriter, start by taking foundational courses and obtaining a relevant degree or certification. It's important to build a strong portfolio showcasing your best work. Learning tools like Adobe Creative Suite, Blender, or Pro Tools depending on your field is essential. Internships and freelance projects will give you real-world experience. Networking with industry professionals and staying updated with the latest technology trends will also help you advance. Practicing consistently and seeking mentorship are key strategies for breaking into the scriptwriter profession.
82,Scriptwriter,Works collaboratively with teams to design refine and execute scriptwriter projects.,scriptwriter,Pursuing a career as a scriptwriter involves a combination of formal education and practical training. Begin by learning the basics of your craft through courses and workshops. Building a diverse portfolio is important to showcase your skills to potential employers. Familiarize yourself with industry-standard software and tools. Freelancing and internships provide valuable real-world experience. Stay current with emerging trends by following leading professionals in the field. Persistence, creativity, and a commitment to continual improvement will set you apart in the competitive landscape.
83,Scriptwriter,Specializes in producing engaging and polished scriptwriter outputs for various media formats.,scriptwriter,Pursuing a career as a scriptwriter involves a combination of formal education and practical training. Begin by learning the basics of your craft through courses and workshops. Building a diverse portfolio is important to showcase your skills to potential employers. Familiarize yourself with industry-standard software and tools. Freelancing and internships provide valuable real-world experience. Stay current with emerging trends by following leading professionals in the field. Persistence, creativity, and a commitment to continual improvement will set you apart in the competitive landscape.
84,Scriptwriter,Focuses on creating high-quality scriptwriter work tailored to project needs and audiences.,scriptwriter,Pursuing a career as a scriptwriter involves a combination of formal education and practical training. Begin by learning the basics of your craft through courses and workshops. Building a diverse portfolio is important to showcase your skills to potential employers. Familiarize yourself with industry-standard software and tools. Freelancing and internships provide valuable real-world experience. Stay current with emerging trends by following leading professionals in the field. Persistence, creativity, and a commitment to continual improvement will set you apart in the competitive landscape.
85,Scriptwriter,Specializes in producing engaging and polished scriptwriter outputs for various media formats.,scriptwriter,To become a scriptwriter, start by taking foundational courses and obtaining a relevant degree or certification. It's important to build a strong portfolio showcasing your best work. Learning tools like Adobe Creative Suite, Blender, or Pro Tools depending on your field is essential. Internships and freelance projects will give you real-world experience. Networking with industry professionals and staying updated with the latest technology trends will also help you advance. Practicing consistently and seeking mentorship are key strategies for breaking into the scriptwriter profession.
86,VFX Artist,Works collaboratively with teams to design refine and execute vfx artist projects.,vfx_artist,Breaking into the vfx artist field requires both education and hands-on experience. Consider earning a degree or completing a professional program in your specialization. Proficiency in popular industry tools and software is crucial. Start building a portfolio early by participating in internships, freelance gigs, or collaborative projects. Attend industry workshops, conferences, and online webinars to expand your knowledge. Networking is vital, so connect with professionals on platforms like LinkedIn. Show your passion and adaptability, as employers value self-starters with creative thinking skills.
87,VFX Artist,Specializes in producing engaging and polished vfx artist outputs for various media formats.,vfx_artist,Pursuing a career as a vfx artist involves a combination of formal education and practical training. Begin by learning the basics of your craft through courses and workshops. Building a diverse portfolio is important to showcase your skills to potential employers. Familiarize yourself with industry-standard software and tools. Freelancing and internships provide valuable real-world experience. Stay current with emerging trends by following leading professionals in the field. Persistence, creativity, and a commitment to continual improvement will set you apart in the competitive landscape.
88,VFX Artist,VFX Artists craft visual or audio assets used in entertainment marketing and communication.,vfx_artist,Pursuing a career as a vfx artist involves a combination of formal education and practical training. Begin by learning the basics of your craft through courses and workshops. Building a diverse portfolio is important to showcase your skills to potential employers. Familiarize yourself with industry-standard software and tools. Freelancing and internships provide valuable real-world experience. Stay current with emerging trends by following leading professionals in the field. Persistence, creativity, and a commitment to continual improvement will set you apart in the competitive landscape.
89,VFX Artist,Works collaboratively with teams to design refine and execute vfx artist projects.,vfx_artist,To become a vfx artist, start by taking foundational courses and obtaining a relevant degree or certification. It's important to build a strong portfolio showcasing your best work. Learning tools like Adobe Creative Suite, Blender, or Pro Tools depending on your field is essential. Internships and freelance projects will give you real-world experience. Networking with industry professionals and staying updated with the latest technology trends will also help you advance. Practicing consistently and seeking mentorship are key strategies for breaking into the vfx artist profession.
90,VFX Artist,VFX Artists craft visual or audio assets used in entertainment marketing and communication.,vfx_artist,Breaking into the vfx artist field requires both education and hands-on experience. Consider earning a degree or completing a professional program in your specialization. Proficiency in popular industry tools and software is crucial. Start building a portfolio early by participating in internships, freelance gigs, or collaborative projects. Attend industry workshops, conferences, and online webinars to expand your knowledge. Networking is vital, so connect with professionals on platforms like LinkedIn. Show your passion and adaptability, as employers value self-starters with creative thinking skills.
91,Film Director,Specializes in producing engaging and polished film director outputs for various media formats.,film_director,Pursuing a career as a film director involves a combination of formal education and practical training. Begin by learning the basics of your craft through courses and workshops. Building a diverse portfolio is important to showcase your skills to potential employers. Familiarize yourself with industry-standard software and tools. Freelancing and internships provide valuable real-world experience. Stay current with emerging trends by following leading professionals in the field. Persistence, creativity, and a commitment to continual improvement will set you apart in the competitive landscape.
92,Film Director,Responsible for bringing stories and concepts to life through film director skills.,film_director,Breaking into the film director field requires both education and hands-on experience. Consider earning a degree or completing a professional program in your specialization. Proficiency in popular industry tools and software is crucial. Start building a portfolio early by participating in internships, freelance gigs, or collaborative projects. Attend industry workshops, conferences, and online webinars to expand your knowledge. Networking is vital, so connect with professionals on platforms like LinkedIn. Show your passion and adaptability, as employers value self-starters with creative thinking skills.
93,Film Director,Film Directors craft visual or audio assets used in entertainment marketing and communication.,film_director,To become a film director, start by taking foundational courses and obtaining a relevant degree or certification. It's important to build a strong portfolio showcasing your best work. Learning tools like Adobe Creative Suite, Blender, or Pro Tools depending on your field is essential. Internships and freelance projects will give you real-world experience. Networking with industry professionals and staying updated with the latest technology trends will also help you advance. Practicing consistently and seeking mentorship are key strategies for breaking into the film director profession.
94,Film Director,Responsible for bringing stories and concepts to life through film director skills.,film_director,Breaking into the film director field requires both education and hands-on experience. Consider earning a degree or completing a professional program in your specialization. Proficiency in popular industry tools and software is crucial. Start building a portfolio early by participating in internships, freelance gigs, or collaborative projects. Attend industry workshops, conferences, and online webinars to expand your knowledge. Networking is vital, so connect with professionals on platforms like LinkedIn. Show your passion and adaptability, as employers value self-starters with creative thinking skills.
95,Film Director,Works collaboratively with teams to design refine and execute film director projects.,film_director,Breaking into the film director field requires both education and hands-on experience. Consider earning a degree or completing a professional program in your specialization. Proficiency in popular industry tools and software is crucial. Start building a portfolio early by participating in internships, freelance gigs, or collaborative projects. Attend industry workshops, conferences, and online webinars to expand your knowledge. Networking is vital, so connect with professionals on platforms like LinkedIn. Show your passion and adaptability, as employers value self-starters with creative thinking skills.
96,Broadcast Technician,Broadcast Technicians craft visual or audio assets used in entertainment marketing and communication.,broadcast_technician,To become a broadcast technician, start by taking foundational courses and obtaining a relevant degree or certification. It's important to build a strong portfolio showcasing your best work. Learning tools like Adobe Creative Suite, Blender, or Pro Tools depending on your field is essential. Internships and freelance projects will give you real-world experience. Networking with industry professionals and staying updated with the latest technology trends will also help you advance. Practicing consistently and seeking mentorship are key strategies for breaking into the broadcast technician profession.
97,Broadcast Technician,Broadcast Technicians craft visual or audio assets used in entertainment marketing and communication.,broadcast_technician,Pursuing a career as a broadcast technician involves a combination of formal education and practical training. Begin by learning the basics of your craft through courses and workshops. Building a diverse portfolio is important to showcase your skills to potential employers. Familiarize yourself with industry-standard software and tools. Freelancing and internships provide valuable real-world experience. Stay current with emerging trends by following leading professionals in the field. Persistence, creativity, and a commitment to continual improvement will set you apart in the competitive landscape.
98,Broadcast Technician,Broadcast Technicians craft visual or audio assets used in entertainment marketing and communication.,broadcast_technician,Breaking into the broadcast technician field requires both education and hands-on experience. Consider earning a degree or completing a professional program in your specialization. Proficiency in popular industry tools and software is crucial. Start building a portfolio early by participating in internships, freelance gigs, or collaborative projects. Attend industry workshops, conferences, and online webinars to expand your knowledge. Networking is vital, so connect with professionals on platforms like LinkedIn. Show your passion and adaptability, as employers value self-starters with creative thinking skills.
99,Broadcast Technician,Responsible for bringing stories and concepts to life through broadcast technician skills.,broadcast_technician,To become a broadcast technician, start by taking foundational courses and obtaining a relevant degree or certification. It's important to build a strong portfolio showcasing your best work. Learning tools like Adobe Creative Suite, Blender, or Pro Tools depending on your field is essential. Internships and freelance projects will give you real-world experience. Networking with industry professionals and staying updated with the latest technology trends will also help you advance. Practicing consistently and seeking mentorship are key strategies for breaking into the broadcast technician profession.
100,Broadcast Technician,Specializes in producing engaging and polished broadcast technician outputs for various media formats.,broadcast_technician,To become a broadcast technician, start by taking foundational courses and obtaining a relevant degree or certification. It's important to build a strong portfolio showcasing your best work. Learning tools like Adobe Creative Suite, Blender, or Pro Tools depending on your field is essential. Internships and freelance projects will give you real-world experience. Networking with industry professionals and staying updated with the latest technology trends will also help you advance. Practicing consistently and seeking mentorship are key strategies for breaking into the broadcast technician profession.
