Profession Index Number,Profession Title,Profession Description,Profession Image,Profession Extended Description
1,Motion Graphics Designer,Responsible for bringing stories and concepts to life through motion graphics designer skills.,motion_graphics_designer_1,A motion graphics designer needs both creativity and technical skills. Start your journey by studying the fundamentals and practicing daily. Build a portfolio that highlights a wide range of skills. Use popular software and tools until you are fully comfortable with them. Look for internships or freelance work to gain valuable real world experience. Attend webinars and industry meetups to learn and build your network. Stay motivated and keep refining your skills over time.
2,Digital Painter,Works collaboratively with teams to design refine and execute digital painter projects.,digital_painter_1,If you want to become a digital painter start by taking beginner and advanced courses to master your craft. Work on personal projects that can demonstrate your abilities. Learn to use professional tools that are standard in your industry. Try to find internships where you can apply your skills in real projects. Create an online presence by showcasing your portfolio. Keep learning new techniques and ask for feedback from experienced professionals.
3,Media Producer,Focuses on creating high-quality media producer work tailored to project needs and audiences.,media_producer_1,A media producer needs both creativity and technical skills. Start your journey by studying the fundamentals and practicing daily. Build a portfolio that highlights a wide range of skills. Use popular software and tools until you are fully comfortable with them. Look for internships or freelance work to gain valuable real world experience. Attend webinars and industry meetups to learn and build your network. Stay motivated and keep refining your skills over time.
4,Scriptwriter,Specializes in producing engaging and polished scriptwriter outputs for various media formats.,scriptwriter_1,A scriptwriter needs both creativity and technical skills. Start your journey by studying the fundamentals and practicing daily. Build a portfolio that highlights a wide range of skills. Use popular software and tools until you are fully comfortable with them. Look for internships or freelance work to gain valuable real world experience. Attend webinars and industry meetups to learn and build your network. Stay motivated and keep refining your skills over time.
5,Scriptwriter,Responsible for bringing stories and concepts to life through scriptwriter skills.,scriptwriter_2,A scriptwriter needs both creativity and technical skills. Start your journey by studying the fundamentals and practicing daily. Build a portfolio that highlights a wide range of skills. Use popular software and tools until you are fully comfortable with them. Look for internships or freelance work to gain valuable real world experience. Attend webinars and industry meetups to learn and build your network. Stay motivated and keep refining your skills over time.
6,Digital Painter,Focuses on creating high-quality digital painter work tailored to project needs and audiences.,digital_painter_2,Becoming a digital painter starts with learning the essential skills through classes and online tutorials. Focus on building a strong portfolio that shows your personal style and capabilities. Master the software and tools that are most used in your profession. Gain experience by taking internships or small freelance jobs. Attend events and workshops to connect with people in the industry. Stay updated with new trends and keep practicing to sharpen your skills.
7,Sound Designer,Responsible for bringing stories and concepts to life through sound designer skills.,sound_designer_1,If you want to become a sound designer start by taking beginner and advanced courses to master your craft. Work on personal projects that can demonstrate your abilities. Learn to use professional tools that are standard in your industry. Try to find internships where you can apply your skills in real projects. Create an online presence by showcasing your portfolio. Keep learning new techniques and ask for feedback from experienced professionals.
8,Animator,Focuses on creating high-quality animator work tailored to project needs and audiences.,animator_1,Becoming a animator starts with learning the essential skills through classes and online tutorials. Focus on building a strong portfolio that shows your personal style and capabilities. Master the software and tools that are most used in your profession. Gain experience by taking internships or small freelance jobs. Attend events and workshops to connect with people in the industry. Stay updated with new trends and keep practicing to sharpen your skills.
9,Graphic Designer,Specializes in producing engaging and polished graphic designer outputs for various media formats.,graphic_designer_1,A graphic designer needs both creativity and technical skills. Start your journey by studying the fundamentals and practicing daily. Build a portfolio that highlights a wide range of skills. Use popular software and tools until you are fully comfortable with them. Look for internships or freelance work to gain valuable real world experience. Attend webinars and industry meetups to learn and build your network. Stay motivated and keep refining your skills over time.
10,Photographer,Responsible for bringing stories and concepts to life through photographer skills.,photographer_1,Becoming a photographer starts with learning the essential skills through classes and online tutorials. Focus on building a strong portfolio that shows your personal style and capabilities. Master the software and tools that are most used in your profession. Gain experience by taking internships or small freelance jobs. Attend events and workshops to connect with people in the industry. Stay updated with new trends and keep practicing to sharpen your skills.
11,VFX Artist,VFX Artists craft visual or audio assets used in entertainment marketing and communication.,vfx_artist_1,A vfx artist needs both creativity and technical skills. Start your journey by studying the fundamentals and practicing daily. Build a portfolio that highlights a wide range of skills. Use popular software and tools until you are fully comfortable with them. Look for internships or freelance work to gain valuable real world experience. Attend webinars and industry meetups to learn and build your network. Stay motivated and keep refining your skills over time.
12,Photographer,Works collaboratively with teams to design refine and execute photographer projects.,photographer_2,Becoming a photographer starts with learning the essential skills through classes and online tutorials. Focus on building a strong portfolio that shows your personal style and capabilities. Master the software and tools that are most used in your profession. Gain experience by taking internships or small freelance jobs. Attend events and workshops to connect with people in the industry. Stay updated with new trends and keep practicing to sharpen your skills.
13,Voice Actor,Responsible for bringing stories and concepts to life through voice actor skills.,voice_actor_1,A voice actor needs both creativity and technical skills. Start your journey by studying the fundamentals and practicing daily. Build a portfolio that highlights a wide range of skills. Use popular software and tools until you are fully comfortable with them. Look for internships or freelance work to gain valuable real world experience. Attend webinars and industry meetups to learn and build your network. Stay motivated and keep refining your skills over time.
14,Production Designer,Works collaboratively with teams to design refine and execute production designer projects.,production_designer_1,A production designer needs both creativity and technical skills. Start your journey by studying the fundamentals and practicing daily. Build a portfolio that highlights a wide range of skills. Use popular software and tools until you are fully comfortable with them. Look for internships or freelance work to gain valuable real world experience. Attend webinars and industry meetups to learn and build your network. Stay motivated and keep refining your skills over time.
15,Motion Graphics Designer,Motion Graphics Designers craft visual or audio assets used in entertainment marketing and communication.,motion_graphics_designer_2,If you want to become a motion graphics designer start by taking beginner and advanced courses to master your craft. Work on personal projects that can demonstrate your abilities. Learn to use professional tools that are standard in your industry. Try to find internships where you can apply your skills in real projects. Create an online presence by showcasing your portfolio. Keep learning new techniques and ask for feedback from experienced professionals.
16,Film Director,Film Directors craft visual or audio assets used in entertainment marketing and communication.,film_director_1,Becoming a film director starts with learning the essential skills through classes and online tutorials. Focus on building a strong portfolio that shows your personal style and capabilities. Master the software and tools that are most used in your profession. Gain experience by taking internships or small freelance jobs. Attend events and workshops to connect with people in the industry. Stay updated with new trends and keep practicing to sharpen your skills.
17,Composer,Works collaboratively with teams to design refine and execute composer projects.,composer_1,A composer needs both creativity and technical skills. Start your journey by studying the fundamentals and practicing daily. Build a portfolio that highlights a wide range of skills. Use popular software and tools until you are fully comfortable with them. Look for internships or freelance work to gain valuable real world experience. Attend webinars and industry meetups to learn and build your network. Stay motivated and keep refining your skills over time.
18,Voice Actor,Specializes in producing engaging and polished voice actor outputs for various media formats.,voice_actor_2,If you want to become a voice actor start by taking beginner and advanced courses to master your craft. Work on personal projects that can demonstrate your abilities. Learn to use professional tools that are standard in your industry. Try to find internships where you can apply your skills in real projects. Create an online presence by showcasing your portfolio. Keep learning new techniques and ask for feedback from experienced professionals.
19,Voice Actor,Focuses on creating high-quality voice actor work tailored to project needs and audiences.,voice_actor_3,Becoming a voice actor starts with learning the essential skills through classes and online tutorials. Focus on building a strong portfolio that shows your personal style and capabilities. Master the software and tools that are most used in your profession. Gain experience by taking internships or small freelance jobs. Attend events and workshops to connect with people in the industry. Stay updated with new trends and keep practicing to sharpen your skills.
20,Storyboard Artist,Storyboard Artists craft visual or audio assets used in entertainment marketing and communication.,storyboard_artist_1,Becoming a storyboard artist starts with learning the essential skills through classes and online tutorials. Focus on building a strong portfolio that shows your personal style and capabilities. Master the software and tools that are most used in your profession. Gain experience by taking internships or small freelance jobs. Attend events and workshops to connect with people in the industry. Stay updated with new trends and keep practicing to sharpen your skills.
21,3D Modeler,3D Modelers craft visual or audio assets used in entertainment marketing and communication.,3d_modeler_1,A 3d modeler needs both creativity and technical skills. Start your journey by studying the fundamentals and practicing daily. Build a portfolio that highlights a wide range of skills. Use popular software and tools until you are fully comfortable with them. Look for internships or freelance work to gain valuable real world experience. Attend webinars and industry meetups to learn and build your network. Stay motivated and keep refining your skills over time.
22,Game Designer,Specializes in producing engaging and polished game designer outputs for various media formats.,game_designer_1,If you want to become a game designer start by taking beginner and advanced courses to master your craft. Work on personal projects that can demonstrate your abilities. Learn to use professional tools that are standard in your industry. Try to find internships where you can apply your skills in real projects. Create an online presence by showcasing your portfolio. Keep learning new techniques and ask for feedback from experienced professionals.
23,Voice Actor,Focuses on creating high-quality voice actor work tailored to project needs and audiences.,voice_actor_4,A voice actor needs both creativity and technical skills. Start your journey by studying the fundamentals and practicing daily. Build a portfolio that highlights a wide range of skills. Use popular software and tools until you are fully comfortable with them. Look for internships or freelance work to gain valuable real world experience. Attend webinars and industry meetups to learn and build your network. Stay motivated and keep refining your skills over time.
24,Sound Designer,Specializes in producing engaging and polished sound designer outputs for various media formats.,sound_designer_2,A sound designer needs both creativity and technical skills. Start your journey by studying the fundamentals and practicing daily. Build a portfolio that highlights a wide range of skills. Use popular software and tools until you are fully comfortable with them. Look for internships or freelance work to gain valuable real world experience. Attend webinars and industry meetups to learn and build your network. Stay motivated and keep refining your skills over time.
25,Production Designer,Specializes in producing engaging and polished production designer outputs for various media formats.,production_designer_2,If you want to become a production designer start by taking beginner and advanced courses to master your craft. Work on personal projects that can demonstrate your abilities. Learn to use professional tools that are standard in your industry. Try to find internships where you can apply your skills in real projects. Create an online presence by showcasing your portfolio. Keep learning new techniques and ask for feedback from experienced professionals.
26,Animator,Specializes in producing engaging and polished animator outputs for various media formats.,animator_2,Becoming a animator starts with learning the essential skills through classes and online tutorials. Focus on building a strong portfolio that shows your personal style and capabilities. Master the software and tools that are most used in your profession. Gain experience by taking internships or small freelance jobs. Attend events and workshops to connect with people in the industry. Stay updated with new trends and keep practicing to sharpen your skills.
27,Production Designer,Focuses on creating high-quality production designer work tailored to project needs and audiences.,production_designer_3,If you want to become a production designer start by taking beginner and advanced courses to master your craft. Work on personal projects that can demonstrate your abilities. Learn to use professional tools that are standard in your industry. Try to find internships where you can apply your skills in real projects. Create an online presence by showcasing your portfolio. Keep learning new techniques and ask for feedback from experienced professionals.
28,Animator,Animators craft visual or audio assets used in entertainment marketing and communication.,animator_3,A animator needs both creativity and technical skills. Start your journey by studying the fundamentals and practicing daily. Build a portfolio that highlights a wide range of skills. Use popular software and tools until you are fully comfortable with them. Look for internships or freelance work to gain valuable real world experience. Attend webinars and industry meetups to learn and build your network. Stay motivated and keep refining your skills over time.
29,Scriptwriter,Focuses on creating high-quality scriptwriter work tailored to project needs and audiences.,scriptwriter_3,If you want to become a scriptwriter start by taking beginner and advanced courses to master your craft. Work on personal projects that can demonstrate your abilities. Learn to use professional tools that are standard in your industry. Try to find internships where you can apply your skills in real projects. Create an online presence by showcasing your portfolio. Keep learning new techniques and ask for feedback from experienced professionals.
30,Colorist,Specializes in producing engaging and polished colorist outputs for various media formats.,colorist_1,Becoming a colorist starts with learning the essential skills through classes and online tutorials. Focus on building a strong portfolio that shows your personal style and capabilities. Master the software and tools that are most used in your profession. Gain experience by taking internships or small freelance jobs. Attend events and workshops to connect with people in the industry. Stay updated with new trends and keep practicing to sharpen your skills.
31,Animator,Animators craft visual or audio assets used in entertainment marketing and communication.,animator_4,A animator needs both creativity and technical skills. Start your journey by studying the fundamentals and practicing daily. Build a portfolio that highlights a wide range of skills. Use popular software and tools until you are fully comfortable with them. Look for internships or freelance work to gain valuable real world experience. Attend webinars and industry meetups to learn and build your network. Stay motivated and keep refining your skills over time.
32,Cinematographer,Cinematographers craft visual or audio assets used in entertainment marketing and communication.,cinematographer_1,A cinematographer needs both creativity and technical skills. Start your journey by studying the fundamentals and practicing daily. Build a portfolio that highlights a wide range of skills. Use popular software and tools until you are fully comfortable with them. Look for internships or freelance work to gain valuable real world experience. Attend webinars and industry meetups to learn and build your network. Stay motivated and keep refining your skills over time.
33,Photographer,Photographers craft visual or audio assets used in entertainment marketing and communication.,photographer_3,A photographer needs both creativity and technical skills. Start your journey by studying the fundamentals and practicing daily. Build a portfolio that highlights a wide range of skills. Use popular software and tools until you are fully comfortable with them. Look for internships or freelance work to gain valuable real world experience. Attend webinars and industry meetups to learn and build your network. Stay motivated and keep refining your skills over time.
34,3D Modeler,Focuses on creating high-quality 3d modeler work tailored to project needs and audiences.,3d_modeler_2,Becoming a 3d modeler starts with learning the essential skills through classes and online tutorials. Focus on building a strong portfolio that shows your personal style and capabilities. Master the software and tools that are most used in your profession. Gain experience by taking internships or small freelance jobs. Attend events and workshops to connect with people in the industry. Stay updated with new trends and keep practicing to sharpen your skills.
35,Motion Graphics Designer,Specializes in producing engaging and polished motion graphics designer outputs for various media formats.,motion_graphics_designer_3,If you want to become a motion graphics designer start by taking beginner and advanced courses to master your craft. Work on personal projects that can demonstrate your abilities. Learn to use professional tools that are standard in your industry. Try to find internships where you can apply your skills in real projects. Create an online presence by showcasing your portfolio. Keep learning new techniques and ask for feedback from experienced professionals.
36,Colorist,Specializes in producing engaging and polished colorist outputs for various media formats.,colorist_2,Becoming a colorist starts with learning the essential skills through classes and online tutorials. Focus on building a strong portfolio that shows your personal style and capabilities. Master the software and tools that are most used in your profession. Gain experience by taking internships or small freelance jobs. Attend events and workshops to connect with people in the industry. Stay updated with new trends and keep practicing to sharpen your skills.
37,Production Designer,Works collaboratively with teams to design refine and execute production designer projects.,production_designer_4,A production designer needs both creativity and technical skills. Start your journey by studying the fundamentals and practicing daily. Build a portfolio that highlights a wide range of skills. Use popular software and tools until you are fully comfortable with them. Look for internships or freelance work to gain valuable real world experience. Attend webinars and industry meetups to learn and build your network. Stay motivated and keep refining your skills over time.
38,Sound Designer,Focuses on creating high-quality sound designer work tailored to project needs and audiences.,sound_designer_3,Becoming a sound designer starts with learning the essential skills through classes and online tutorials. Focus on building a strong portfolio that shows your personal style and capabilities. Master the software and tools that are most used in your profession. Gain experience by taking internships or small freelance jobs. Attend events and workshops to connect with people in the industry. Stay updated with new trends and keep practicing to sharpen your skills.
39,Video Editor,Video Editors craft visual or audio assets used in entertainment marketing and communication.,video_editor_1,Becoming a video editor starts with learning the essential skills through classes and online tutorials. Focus on building a strong portfolio that shows your personal style and capabilities. Master the software and tools that are most used in your profession. Gain experience by taking internships or small freelance jobs. Attend events and workshops to connect with people in the industry. Stay updated with new trends and keep practicing to sharpen your skills.
40,Graphic Designer,Responsible for bringing stories and concepts to life through graphic designer skills.,graphic_designer_2,Becoming a graphic designer starts with learning the essential skills through classes and online tutorials. Focus on building a strong portfolio that shows your personal style and capabilities. Master the software and tools that are most used in your profession. Gain experience by taking internships or small freelance jobs. Attend events and workshops to connect with people in the industry. Stay updated with new trends and keep practicing to sharpen your skills.
41,Cinematographer,Works collaboratively with teams to design refine and execute cinematographer projects.,cinematographer_2,If you want to become a cinematographer start by taking beginner and advanced courses to master your craft. Work on personal projects that can demonstrate your abilities. Learn to use professional tools that are standard in your industry. Try to find internships where you can apply your skills in real projects. Create an online presence by showcasing your portfolio. Keep learning new techniques and ask for feedback from experienced professionals.
42,Colorist,Responsible for bringing stories and concepts to life through colorist skills.,colorist_3,A colorist needs both creativity and technical skills. Start your journey by studying the fundamentals and practicing daily. Build a portfolio that highlights a wide range of skills. Use popular software and tools until you are fully comfortable with them. Look for internships or freelance work to gain valuable real world experience. Attend webinars and industry meetups to learn and build your network. Stay motivated and keep refining your skills over time.
43,Film Director,Responsible for bringing stories and concepts to life through film director skills.,film_director_2,Becoming a film director starts with learning the essential skills through classes and online tutorials. Focus on building a strong portfolio that shows your personal style and capabilities. Master the software and tools that are most used in your profession. Gain experience by taking internships or small freelance jobs. Attend events and workshops to connect with people in the industry. Stay updated with new trends and keep practicing to sharpen your skills.
44,3D Modeler,Specializes in producing engaging and polished 3d modeler outputs for various media formats.,3d_modeler_3,Becoming a 3d modeler starts with learning the essential skills through classes and online tutorials. Focus on building a strong portfolio that shows your personal style and capabilities. Master the software and tools that are most used in your profession. Gain experience by taking internships or small freelance jobs. Attend events and workshops to connect with people in the industry. Stay updated with new trends and keep practicing to sharpen your skills.
45,Game Designer,Specializes in producing engaging and polished game designer outputs for various media formats.,game_designer_2,A game designer needs both creativity and technical skills. Start your journey by studying the fundamentals and practicing daily. Build a portfolio that highlights a wide range of skills. Use popular software and tools until you are fully comfortable with them. Look for internships or freelance work to gain valuable real world experience. Attend webinars and industry meetups to learn and build your network. Stay motivated and keep refining your skills over time.
46,Composer,Specializes in producing engaging and polished composer outputs for various media formats.,composer_2,A composer needs both creativity and technical skills. Start your journey by studying the fundamentals and practicing daily. Build a portfolio that highlights a wide range of skills. Use popular software and tools until you are fully comfortable with them. Look for internships or freelance work to gain valuable real world experience. Attend webinars and industry meetups to learn and build your network. Stay motivated and keep refining your skills over time.
47,Cinematographer,Specializes in producing engaging and polished cinematographer outputs for various media formats.,cinematographer_3,Becoming a cinematographer starts with learning the essential skills through classes and online tutorials. Focus on building a strong portfolio that shows your personal style and capabilities. Master the software and tools that are most used in your profession. Gain experience by taking internships or small freelance jobs. Attend events and workshops to connect with people in the industry. Stay updated with new trends and keep practicing to sharpen your skills.
48,Game Designer,Focuses on creating high-quality game designer work tailored to project needs and audiences.,game_designer_3,If you want to become a game designer start by taking beginner and advanced courses to master your craft. Work on personal projects that can demonstrate your abilities. Learn to use professional tools that are standard in your industry. Try to find internships where you can apply your skills in real projects. Create an online presence by showcasing your portfolio. Keep learning new techniques and ask for feedback from experienced professionals.
49,Storyboard Artist,Storyboard Artists craft visual or audio assets used in entertainment marketing and communication.,storyboard_artist_2,If you want to become a storyboard artist start by taking beginner and advanced courses to master your craft. Work on personal projects that can demonstrate your abilities. Learn to use professional tools that are standard in your industry. Try to find internships where you can apply your skills in real projects. Create an online presence by showcasing your portfolio. Keep learning new techniques and ask for feedback from experienced professionals.
50,Scriptwriter,Works collaboratively with teams to design refine and execute scriptwriter projects.,scriptwriter_4,A scriptwriter needs both creativity and technical skills. Start your journey by studying the fundamentals and practicing daily. Build a portfolio that highlights a wide range of skills. Use popular software and tools until you are fully comfortable with them. Look for internships or freelance work to gain valuable real world experience. Attend webinars and industry meetups to learn and build your network. Stay motivated and keep refining your skills over time.
51,Video Editor,Specializes in producing engaging and polished video editor outputs for various media formats.,video_editor_2,A video editor needs both creativity and technical skills. Start your journey by studying the fundamentals and practicing daily. Build a portfolio that highlights a wide range of skills. Use popular software and tools until you are fully comfortable with them. Look for internships or freelance work to gain valuable real world experience. Attend webinars and industry meetups to learn and build your network. Stay motivated and keep refining your skills over time.
52,Storyboard Artist,Storyboard Artists craft visual or audio assets used in entertainment marketing and communication.,storyboard_artist_3,If you want to become a storyboard artist start by taking beginner and advanced courses to master your craft. Work on personal projects that can demonstrate your abilities. Learn to use professional tools that are standard in your industry. Try to find internships where you can apply your skills in real projects. Create an online presence by showcasing your portfolio. Keep learning new techniques and ask for feedback from experienced professionals.
53,Storyboard Artist,Storyboard Artists craft visual or audio assets used in entertainment marketing and communication.,storyboard_artist_4,A storyboard artist needs both creativity and technical skills. Start your journey by studying the fundamentals and practicing daily. Build a portfolio that highlights a wide range of skills. Use popular software and tools until you are fully comfortable with them. Look for internships or freelance work to gain valuable real world experience. Attend webinars and industry meetups to learn and build your network. Stay motivated and keep refining your skills over time.
54,Media Producer,Focuses on creating high-quality media producer work tailored to project needs and audiences.,media_producer_2,Becoming a media producer starts with learning the essential skills through classes and online tutorials. Focus on building a strong portfolio that shows your personal style and capabilities. Master the software and tools that are most used in your profession. Gain experience by taking internships or small freelance jobs. Attend events and workshops to connect with people in the industry. Stay updated with new trends and keep practicing to sharpen your skills.
55,Media Producer,Media Producers craft visual or audio assets used in entertainment marketing and communication.,media_producer_3,If you want to become a media producer start by taking beginner and advanced courses to master your craft. Work on personal projects that can demonstrate your abilities. Learn to use professional tools that are standard in your industry. Try to find internships where you can apply your skills in real projects. Create an online presence by showcasing your portfolio. Keep learning new techniques and ask for feedback from experienced professionals.
56,Video Editor,Responsible for bringing stories and concepts to life through video editor skills.,video_editor_3,A video editor needs both creativity and technical skills. Start your journey by studying the fundamentals and practicing daily. Build a portfolio that highlights a wide range of skills. Use popular software and tools until you are fully comfortable with them. Look for internships or freelance work to gain valuable real world experience. Attend webinars and industry meetups to learn and build your network. Stay motivated and keep refining your skills over time.
57,Media Producer,Responsible for bringing stories and concepts to life through media producer skills.,media_producer_4,Becoming a media producer starts with learning the essential skills through classes and online tutorials. Focus on building a strong portfolio that shows your personal style and capabilities. Master the software and tools that are most used in your profession. Gain experience by taking internships or small freelance jobs. Attend events and workshops to connect with people in the industry. Stay updated with new trends and keep practicing to sharpen your skills.
58,Broadcast Technician,Broadcast Technicians craft visual or audio assets used in entertainment marketing and communication.,broadcast_technician_1,If you want to become a broadcast technician start by taking beginner and advanced courses to master your craft. Work on personal projects that can demonstrate your abilities. Learn to use professional tools that are standard in your industry. Try to find internships where you can apply your skills in real projects. Create an online presence by showcasing your portfolio. Keep learning new techniques and ask for feedback from experienced professionals.
59,VFX Artist,Works collaboratively with teams to design refine and execute vfx artist projects.,vfx_artist_2,A vfx artist needs both creativity and technical skills. Start your journey by studying the fundamentals and practicing daily. Build a portfolio that highlights a wide range of skills. Use popular software and tools until you are fully comfortable with them. Look for internships or freelance work to gain valuable real world experience. Attend webinars and industry meetups to learn and build your network. Stay motivated and keep refining your skills over time.
60,Storyboard Artist,Responsible for bringing stories and concepts to life through storyboard artist skills.,storyboard_artist_5,Becoming a storyboard artist starts with learning the essential skills through classes and online tutorials. Focus on building a strong portfolio that shows your personal style and capabilities. Master the software and tools that are most used in your profession. Gain experience by taking internships or small freelance jobs. Attend events and workshops to connect with people in the industry. Stay updated with new trends and keep practicing to sharpen your skills.
61,Motion Graphics Designer,Focuses on creating high-quality motion graphics designer work tailored to project needs and audiences.,motion_graphics_designer_4,Becoming a motion graphics designer starts with learning the essential skills through classes and online tutorials. Focus on building a strong portfolio that shows your personal style and capabilities. Master the software and tools that are most used in your profession. Gain experience by taking internships or small freelance jobs. Attend events and workshops to connect with people in the industry. Stay updated with new trends and keep practicing to sharpen your skills.
62,Graphic Designer,Focuses on creating high-quality graphic designer work tailored to project needs and audiences.,graphic_designer_3,Becoming a graphic designer starts with learning the essential skills through classes and online tutorials. Focus on building a strong portfolio that shows your personal style and capabilities. Master the software and tools that are most used in your profession. Gain experience by taking internships or small freelance jobs. Attend events and workshops to connect with people in the industry. Stay updated with new trends and keep practicing to sharpen your skills.
63,Video Editor,Specializes in producing engaging and polished video editor outputs for various media formats.,video_editor_4,If you want to become a video editor start by taking beginner and advanced courses to master your craft. Work on personal projects that can demonstrate your abilities. Learn to use professional tools that are standard in your industry. Try to find internships where you can apply your skills in real projects. Create an online presence by showcasing your portfolio. Keep learning new techniques and ask for feedback from experienced professionals.
64,VFX Artist,VFX Artists craft visual or audio assets used in entertainment marketing and communication.,vfx_artist_3,A vfx artist needs both creativity and technical skills. Start your journey by studying the fundamentals and practicing daily. Build a portfolio that highlights a wide range of skills. Use popular software and tools until you are fully comfortable with them. Look for internships or freelance work to gain valuable real world experience. Attend webinars and industry meetups to learn and build your network. Stay motivated and keep refining your skills over time.
65,Colorist,Specializes in producing engaging and polished colorist outputs for various media formats.,colorist_4,If you want to become a colorist start by taking beginner and advanced courses to master your craft. Work on personal projects that can demonstrate your abilities. Learn to use professional tools that are standard in your industry. Try to find internships where you can apply your skills in real projects. Create an online presence by showcasing your portfolio. Keep learning new techniques and ask for feedback from experienced professionals.
66,Sound Designer,Works collaboratively with teams to design refine and execute sound designer projects.,sound_designer_4,Becoming a sound designer starts with learning the essential skills through classes and online tutorials. Focus on building a strong portfolio that shows your personal style and capabilities. Master the software and tools that are most used in your profession. Gain experience by taking internships or small freelance jobs. Attend events and workshops to connect with people in the industry. Stay updated with new trends and keep practicing to sharpen your skills.
67,Digital Painter,Specializes in producing engaging and polished digital painter outputs for various media formats.,digital_painter_3,A digital painter needs both creativity and technical skills. Start your journey by studying the fundamentals and practicing daily. Build a portfolio that highlights a wide range of skills. Use popular software and tools until you are fully comfortable with them. Look for internships or freelance work to gain valuable real world experience. Attend webinars and industry meetups to learn and build your network. Stay motivated and keep refining your skills over time.
68,Motion Graphics Designer,Motion Graphics Designers craft visual or audio assets used in entertainment marketing and communication.,motion_graphics_designer_5,Becoming a motion graphics designer starts with learning the essential skills through classes and online tutorials. Focus on building a strong portfolio that shows your personal style and capabilities. Master the software and tools that are most used in your profession. Gain experience by taking internships or small freelance jobs. Attend events and workshops to connect with people in the industry. Stay updated with new trends and keep practicing to sharpen your skills.
69,Broadcast Technician,Broadcast Technicians craft visual or audio assets used in entertainment marketing and communication.,broadcast_technician_2,A broadcast technician needs both creativity and technical skills. Start your journey by studying the fundamentals and practicing daily. Build a portfolio that highlights a wide range of skills. Use popular software and tools until you are fully comfortable with them. Look for internships or freelance work to gain valuable real world experience. Attend webinars and industry meetups to learn and build your network. Stay motivated and keep refining your skills over time.
70,3D Modeler,Focuses on creating high-quality 3d modeler work tailored to project needs and audiences.,3d_modeler_4,If you want to become a 3d modeler start by taking beginner and advanced courses to master your craft. Work on personal projects that can demonstrate your abilities. Learn to use professional tools that are standard in your industry. Try to find internships where you can apply your skills in real projects. Create an online presence by showcasing your portfolio. Keep learning new techniques and ask for feedback from experienced professionals.
71,Composer,Specializes in producing engaging and polished composer outputs for various media formats.,composer_3,A composer needs both creativity and technical skills. Start your journey by studying the fundamentals and practicing daily. Build a portfolio that highlights a wide range of skills. Use popular software and tools until you are fully comfortable with them. Look for internships or freelance work to gain valuable real world experience. Attend webinars and industry meetups to learn and build your network. Stay motivated and keep refining your skills over time.
72,VFX Artist,Works collaboratively with teams to design refine and execute vfx artist projects.,vfx_artist_4,If you want to become a vfx artist start by taking beginner and advanced courses to master your craft. Work on personal projects that can demonstrate your abilities. Learn to use professional tools that are standard in your industry. Try to find internships where you can apply your skills in real projects. Create an online presence by showcasing your portfolio. Keep learning new techniques and ask for feedback from experienced professionals.
73,Composer,Focuses on creating high-quality composer work tailored to project needs and audiences.,composer_4,If you want to become a composer start by taking beginner and advanced courses to master your craft. Work on personal projects that can demonstrate your abilities. Learn to use professional tools that are standard in your industry. Try to find internships where you can apply your skills in real projects. Create an online presence by showcasing your portfolio. Keep learning new techniques and ask for feedback from experienced professionals.
74,Broadcast Technician,Specializes in producing engaging and polished broadcast technician outputs for various media formats.,broadcast_technician_3,If you want to become a broadcast technician start by taking beginner and advanced courses to master your craft. Work on personal projects that can demonstrate your abilities. Learn to use professional tools that are standard in your industry. Try to find internships where you can apply your skills in real projects. Create an online presence by showcasing your portfolio. Keep learning new techniques and ask for feedback from experienced professionals.
75,Graphic Designer,Responsible for bringing stories and concepts to life through graphic designer skills.,graphic_designer_4,If you want to become a graphic designer start by taking beginner and advanced courses to master your craft. Work on personal projects that can demonstrate your abilities. Learn to use professional tools that are standard in your industry. Try to find internships where you can apply your skills in real projects. Create an online presence by showcasing your portfolio. Keep learning new techniques and ask for feedback from experienced professionals.
76,Cinematographer,Works collaboratively with teams to design refine and execute cinematographer projects.,cinematographer_4,If you want to become a cinematographer start by taking beginner and advanced courses to master your craft. Work on personal projects that can demonstrate your abilities. Learn to use professional tools that are standard in your industry. Try to find internships where you can apply your skills in real projects. Create an online presence by showcasing your portfolio. Keep learning new techniques and ask for feedback from experienced professionals.
77,Game Designer,Responsible for bringing stories and concepts to life through game designer skills.,game_designer_4,Becoming a game designer starts with learning the essential skills through classes and online tutorials. Focus on building a strong portfolio that shows your personal style and capabilities. Master the software and tools that are most used in your profession. Gain experience by taking internships or small freelance jobs. Attend events and workshops to connect with people in the industry. Stay updated with new trends and keep practicing to sharpen your skills.
78,Broadcast Technician,Broadcast Technicians craft visual or audio assets used in entertainment marketing and communication.,broadcast_technician_4,A broadcast technician needs both creativity and technical skills. Start your journey by studying the fundamentals and practicing daily. Build a portfolio that highlights a wide range of skills. Use popular software and tools until you are fully comfortable with them. Look for internships or freelance work to gain valuable real world experience. Attend webinars and industry meetups to learn and build your network. Stay motivated and keep refining your skills over time.
79,Production Designer,Specializes in producing engaging and polished production designer outputs for various media formats.,production_designer_5,A production designer needs both creativity and technical skills. Start your journey by studying the fundamentals and practicing daily. Build a portfolio that highlights a wide range of skills. Use popular software and tools until you are fully comfortable with them. Look for internships or freelance work to gain valuable real world experience. Attend webinars and industry meetups to learn and build your network. Stay motivated and keep refining your skills over time.
80,Animator,Animators craft visual or audio assets used in entertainment marketing and communication.,animator_5,Becoming a animator starts with learning the essential skills through classes and online tutorials. Focus on building a strong portfolio that shows your personal style and capabilities. Master the software and tools that are most used in your profession. Gain experience by taking internships or small freelance jobs. Attend events and workshops to connect with people in the industry. Stay updated with new trends and keep practicing to sharpen your skills.
81,3D Modeler,Responsible for bringing stories and concepts to life through 3d modeler skills.,3d_modeler_5,A 3d modeler needs both creativity and technical skills. Start your journey by studying the fundamentals and practicing daily. Build a portfolio that highlights a wide range of skills. Use popular software and tools until you are fully comfortable with them. Look for internships or freelance work to gain valuable real world experience. Attend webinars and industry meetups to learn and build your network. Stay motivated and keep refining your skills over time.
82,Film Director,Responsible for bringing stories and concepts to life through film director skills.,film_director_3,A film director needs both creativity and technical skills. Start your journey by studying the fundamentals and practicing daily. Build a portfolio that highlights a wide range of skills. Use popular software and tools until you are fully comfortable with them. Look for internships or freelance work to gain valuable real world experience. Attend webinars and industry meetups to learn and build your network. Stay motivated and keep refining your skills over time.
83,Digital Painter,Specializes in producing engaging and polished digital painter outputs for various media formats.,digital_painter_4,Becoming a digital painter starts with learning the essential skills through classes and online tutorials. Focus on building a strong portfolio that shows your personal style and capabilities. Master the software and tools that are most used in your profession. Gain experience by taking internships or small freelance jobs. Attend events and workshops to connect with people in the industry. Stay updated with new trends and keep practicing to sharpen your skills.
84,Broadcast Technician,Responsible for bringing stories and concepts to life through broadcast technician skills.,broadcast_technician_5,Becoming a broadcast technician starts with learning the essential skills through classes and online tutorials. Focus on building a strong portfolio that shows your personal style and capabilities. Master the software and tools that are most used in your profession. Gain experience by taking internships or small freelance jobs. Attend events and workshops to connect with people in the industry. Stay updated with new trends and keep practicing to sharpen your skills.
85,Composer,Works collaboratively with teams to design refine and execute composer projects.,composer_5,If you want to become a composer start by taking beginner and advanced courses to master your craft. Work on personal projects that can demonstrate your abilities. Learn to use professional tools that are standard in your industry. Try to find internships where you can apply your skills in real projects. Create an online presence by showcasing your portfolio. Keep learning new techniques and ask for feedback from experienced professionals.
86,Graphic Designer,Graphic Designers craft visual or audio assets used in entertainment marketing and communication.,graphic_designer_5,If you want to become a graphic designer start by taking beginner and advanced courses to master your craft. Work on personal projects that can demonstrate your abilities. Learn to use professional tools that are standard in your industry. Try to find internships where you can apply your skills in real projects. Create an online presence by showcasing your portfolio. Keep learning new techniques and ask for feedback from experienced professionals.
87,Media Producer,Specializes in producing engaging and polished media producer outputs for various media formats.,media_producer_5,A media producer needs both creativity and technical skills. Start your journey by studying the fundamentals and practicing daily. Build a portfolio that highlights a wide range of skills. Use popular software and tools until you are fully comfortable with them. Look for internships or freelance work to gain valuable real world experience. Attend webinars and industry meetups to learn and build your network. Stay motivated and keep refining your skills over time.
88,VFX Artist,Specializes in producing engaging and polished vfx artist outputs for various media formats.,vfx_artist_5,Becoming a vfx artist starts with learning the essential skills through classes and online tutorials. Focus on building a strong portfolio that shows your personal style and capabilities. Master the software and tools that are most used in your profession. Gain experience by taking internships or small freelance jobs. Attend events and workshops to connect with people in the industry. Stay updated with new trends and keep practicing to sharpen your skills.
89,Digital Painter,Specializes in producing engaging and polished digital painter outputs for various media formats.,digital_painter_5,If you want to become a digital painter start by taking beginner and advanced courses to master your craft. Work on personal projects that can demonstrate your abilities. Learn to use professional tools that are standard in your industry. Try to find internships where you can apply your skills in real projects. Create an online presence by showcasing your portfolio. Keep learning new techniques and ask for feedback from experienced professionals.
90,Video Editor,Works collaboratively with teams to design refine and execute video editor projects.,video_editor_5,If you want to become a video editor start by taking beginner and advanced courses to master your craft. Work on personal projects that can demonstrate your abilities. Learn to use professional tools that are standard in your industry. Try to find internships where you can apply your skills in real projects. Create an online presence by showcasing your portfolio. Keep learning new techniques and ask for feedback from experienced professionals.
91,Cinematographer,Cinematographers craft visual or audio assets used in entertainment marketing and communication.,cinematographer_5,If you want to become a cinematographer start by taking beginner and advanced courses to master your craft. Work on personal projects that can demonstrate your abilities. Learn to use professional tools that are standard in your industry. Try to find internships where you can apply your skills in real projects. Create an online presence by showcasing your portfolio. Keep learning new techniques and ask for feedback from experienced professionals.
92,Colorist,Responsible for bringing stories and concepts to life through colorist skills.,colorist_5,A colorist needs both creativity and technical skills. Start your journey by studying the fundamentals and practicing daily. Build a portfolio that highlights a wide range of skills. Use popular software and tools until you are fully comfortable with them. Look for internships or freelance work to gain valuable real world experience. Attend webinars and industry meetups to learn and build your network. Stay motivated and keep refining your skills over time.
93,Film Director,Works collaboratively with teams to design refine and execute film director projects.,film_director_4,A film director needs both creativity and technical skills. Start your journey by studying the fundamentals and practicing daily. Build a portfolio that highlights a wide range of skills. Use popular software and tools until you are fully comfortable with them. Look for internships or freelance work to gain valuable real world experience. Attend webinars and industry meetups to learn and build your network. Stay motivated and keep refining your skills over time.
94,Sound Designer,Specializes in producing engaging and polished sound designer outputs for various media formats.,sound_designer_5,Becoming a sound designer starts with learning the essential skills through classes and online tutorials. Focus on building a strong portfolio that shows your personal style and capabilities. Master the software and tools that are most used in your profession. Gain experience by taking internships or small freelance jobs. Attend events and workshops to connect with people in the industry. Stay updated with new trends and keep practicing to sharpen your skills.
95,Scriptwriter,Specializes in producing engaging and polished scriptwriter outputs for various media formats.,scriptwriter_5,Becoming a scriptwriter starts with learning the essential skills through classes and online tutorials. Focus on building a strong portfolio that shows your personal style and capabilities. Master the software and tools that are most used in your profession. Gain experience by taking internships or small freelance jobs. Attend events and workshops to connect with people in the industry. Stay updated with new trends and keep practicing to sharpen your skills.
96,Film Director,Specializes in producing engaging and polished film director outputs for various media formats.,film_director_5,If you want to become a film director start by taking beginner and advanced courses to master your craft. Work on personal projects that can demonstrate your abilities. Learn to use professional tools that are standard in your industry. Try to find internships where you can apply your skills in real projects. Create an online presence by showcasing your portfolio. Keep learning new techniques and ask for feedback from experienced professionals.
97,Photographer,Photographers craft visual or audio assets used in entertainment marketing and communication.,photographer_4,A photographer needs both creativity and technical skills. Start your journey by studying the fundamentals and practicing daily. Build a portfolio that highlights a wide range of skills. Use popular software and tools until you are fully comfortable with them. Look for internships or freelance work to gain valuable real world experience. Attend webinars and industry meetups to learn and build your network. Stay motivated and keep refining your skills over time.
98,Game Designer,Specializes in producing engaging and polished game designer outputs for various media formats.,game_designer_5,A game designer needs both creativity and technical skills. Start your journey by studying the fundamentals and practicing daily. Build a portfolio that highlights a wide range of skills. Use popular software and tools until you are fully comfortable with them. Look for internships or freelance work to gain valuable real world experience. Attend webinars and industry meetups to learn and build your network. Stay motivated and keep refining your skills over time.
99,Photographer,Works collaboratively with teams to design refine and execute photographer projects.,photographer_5,Becoming a photographer starts with learning the essential skills through classes and online tutorials. Focus on building a strong portfolio that shows your personal style and capabilities. Master the software and tools that are most used in your profession. Gain experience by taking internships or small freelance jobs. Attend events and workshops to connect with people in the industry. Stay updated with new trends and keep practicing to sharpen your skills.
100,Voice Actor,Responsible for bringing stories and concepts to life through voice actor skills.,voice_actor_5,A voice actor needs both creativity and technical skills. Start your journey by studying the fundamentals and practicing daily. Build a portfolio that highlights a wide range of skills. Use popular software and tools until you are fully comfortable with them. Look for internships or freelance work to gain valuable real world experience. Attend webinars and industry meetups to learn and build your network. Stay motivated and keep refining your skills over time.